date,open,close,high,low,volume,code
2012-10-08,10.085,10.13,10.212,9.995,152950.0,600104
2012-10-09,10.19,10.324,10.444,10.16,183771.0,600104
2012-10-10,10.257,10.25,10.459,10.205,163474.0,600104
2012-10-11,10.212,9.913,10.212,9.876,196231.0,600104
2012-10-12,9.95,9.958,10.085,9.823,132532.0,600104
2012-10-15,9.95,9.801,9.95,9.696,137259.0,600104
2012-10-16,9.748,9.614,9.906,9.591,205830.0,600104
2012-10-17,9.651,9.733,9.793,9.539,116496.0,600104
2012-10-18,9.748,10.093,10.1,9.741,195585.0,600104
2012-10-19,10.093,10.025,10.122,9.92,125941.0,600104
2012-10-22,9.95,10.048,10.108,9.831,94888.0,600104
2012-10-23,10.025,9.891,10.07,9.876,83509.0,600104
2012-10-24,9.838,9.95,9.988,9.786,100868.0,600104
2012-10-25,9.943,9.831,10.018,9.786,92851.0,600104
2012-10-26,9.831,9.509,9.831,9.449,141966.0,600104
2012-10-29,9.434,9.502,9.576,9.374,71161.0,600104
2012-10-30,9.509,9.472,9.651,9.427,72417.0,600104
2012-10-31,9.569,9.696,9.778,9.479,130970.0,600104
2012-11-01,9.718,10.07,10.085,9.718,216588.0,600104
2012-11-02,10.1,10.078,10.122,9.988,132585.0,600104
2012-11-05,10.033,9.995,10.137,9.876,122299.0,600104
2012-11-06,10.04,10.1,10.175,9.883,166587.0,600104
2012-11-07,10.1,10.354,10.467,10.1,315111.0,600104
2012-11-08,10.182,10.212,10.467,10.145,170477.0,600104
2012-11-09,10.152,10.122,10.257,10.018,105371.0,600104
2012-11-12,10.078,10.28,10.324,10.07,121257.0,600104
2012-11-13,10.287,10.048,10.287,10.04,90597.0,600104
2012-11-14,10.04,10.055,10.145,10.01,77653.0,600104
2012-11-15,9.943,9.778,9.958,9.718,124524.0,600104
2012-11-16,9.726,9.778,9.801,9.644,69893.0,600104
2012-11-19,9.763,9.801,9.831,9.576,87431.0,600104
2012-11-20,9.823,9.846,9.92,9.644,112736.0,600104
2012-11-21,9.838,10.003,10.01,9.771,106725.0,600104
2012-11-22,9.988,9.853,10.122,9.838,118732.0,600104
2012-11-23,9.92,10.145,10.235,9.846,229440.0,600104
2012-11-26,10.145,10.212,10.362,10.122,310369.0,600104
2012-11-27,10.175,10.078,10.257,10.048,126499.0,600104
2012-11-28,10.048,9.973,10.115,9.92,82962.0,600104
2012-11-29,9.973,10.078,10.235,9.958,139358.0,600104
2012-11-30,10.085,10.526,10.549,10.078,364218.0,600104
2012-12-03,10.444,10.714,10.833,10.384,357707.0,600104
2012-12-04,10.699,10.714,10.953,10.534,283578.0,600104
2012-12-05,10.714,10.878,11.207,10.639,321132.0,600104
2012-12-06,10.878,10.856,10.99,10.788,155515.0,600104
2012-12-07,10.848,11.013,11.132,10.773,286988.0,600104
2012-12-10,11.05,11.118,11.2,10.983,281493.0,600104
2012-12-11,11.035,11.29,11.387,10.998,253821.0,600104
2012-12-12,11.297,11.207,11.342,11.058,190710.0,600104
2012-12-13,11.207,11.132,11.267,10.953,157486.0,600104
2012-12-14,11.162,11.529,11.559,11.132,300900.0,600104
2012-12-17,11.529,11.507,11.806,11.454,260741.0,600104
2012-12-18,11.522,11.753,12.068,11.447,366287.0,600104
2012-12-19,11.761,11.963,12.165,11.701,238186.0,600104
2012-12-20,11.963,12.255,12.292,11.896,252063.0,600104
2012-12-21,12.307,12.33,12.681,12.232,263764.0,600104
2012-12-24,12.21,12.442,12.711,12.21,276206.0,600104
2012-12-25,12.449,12.696,12.756,12.172,331562.0,600104
2012-12-26,12.591,12.337,12.644,12.262,423007.0,600104
2012-12-27,12.3,12.344,12.532,12.068,383654.0,600104
2012-12-28,12.307,12.793,12.861,12.277,320503.0,600104
2012-12-31,12.831,13.197,13.295,12.801,277559.0,600104
2013-01-04,13.28,13.16,13.422,12.95,298670.0,600104
2013-01-07,13.078,12.973,13.182,12.808,222260.0,600104
2013-01-08,12.943,12.651,12.943,12.464,374073.0,600104
2013-01-09,12.554,12.666,12.748,12.532,267994.0,600104
2013-01-10,12.644,12.457,12.958,12.27,339256.0,600104
2013-01-11,12.449,12.494,12.621,12.352,273437.0,600104
2013-01-14,12.539,13.025,13.22,12.352,368220.0,600104
2013-01-15,13.048,12.95,13.227,12.891,213469.0,600104
2013-01-16,12.913,12.479,13.085,12.285,439326.0,600104
2013-01-17,12.479,12.217,12.524,12.083,310073.0,600104
2013-01-18,12.285,12.786,13.003,12.285,356120.0,600104
2013-01-21,12.793,12.711,12.943,12.419,307160.0,600104
2013-01-22,12.778,12.494,12.778,12.27,323819.0,600104
2013-01-23,12.487,12.427,12.689,12.187,215847.0,600104
2013-01-24,12.427,12.09,12.823,11.97,453807.0,600104
2013-01-25,12.21,12.472,12.629,12.21,318341.0,600104
2013-01-28,12.576,13.115,13.167,12.487,374458.0,600104
2013-01-29,13.152,13.003,13.175,12.778,342361.0,600104
2013-01-30,12.995,12.831,13.033,12.704,309713.0,600104
2013-01-31,12.778,12.629,12.853,12.554,198332.0,600104
2013-02-01,12.502,12.651,12.748,12.337,290915.0,600104
2013-02-04,12.726,12.606,12.793,12.27,355833.0,600104
2013-02-05,12.554,13.055,13.16,12.404,404599.0,600104
2013-02-06,13.04,12.801,13.152,12.719,263987.0,600104
2013-02-07,12.741,12.861,12.898,12.741,204095.0,600104
2013-02-08,13.063,13.811,14.125,13.04,663644.0,600104
2013-02-18,13.946,13.99,14.215,13.616,520872.0,600104
2013-02-19,13.99,13.362,14.028,13.175,392881.0,600104
2013-02-20,13.317,13.504,13.706,13.287,374138.0,600104
2013-02-21,13.317,12.823,13.317,12.606,467483.0,600104
2013-02-22,12.793,12.412,12.808,12.307,351423.0,600104
2013-02-25,12.479,12.457,12.614,12.367,173192.0,600104
2013-02-26,12.33,12.187,12.651,12.12,296454.0,600104
2013-02-27,12.21,12.262,12.397,12.187,276622.0,600104
2013-02-28,12.412,12.599,12.681,12.262,283883.0,600104
2013-03-01,12.576,12.33,12.681,12.113,464082.0,600104
2013-03-04,12.053,11.604,12.344,11.454,480041.0,600104
2013-03-05,11.604,11.828,11.866,11.559,242015.0,600104
2013-03-06,11.881,12.023,12.053,11.731,272916.0,600104
2013-03-07,12.023,11.843,12.24,11.724,273123.0,600104
2013-03-08,11.955,12.06,12.232,11.903,285560.0,600104
2013-03-11,11.97,11.851,11.985,11.604,169165.0,600104
2013-03-12,11.851,11.753,12.045,11.716,178761.0,600104
2013-03-13,11.746,11.387,11.753,11.267,248519.0,600104
2013-03-14,11.462,11.364,11.604,11.282,144272.0,600104
2013-03-15,11.409,11.26,11.731,11.013,368419.0,600104
2013-03-18,10.736,10.968,11.177,10.601,816009.0,600104
2013-03-19,10.856,11.147,11.185,10.788,315501.0,600104
2013-03-20,11.215,11.596,11.634,11.185,384201.0,600104
2013-03-21,11.596,11.671,11.768,11.529,227878.0,600104
2013-03-22,11.671,11.656,11.761,11.469,127872.0,600104
2013-03-25,11.731,11.372,11.768,11.297,223270.0,600104
2013-03-26,11.312,11.073,11.349,10.901,234663.0,600104
2013-03-27,11.058,11.162,11.32,11.05,198295.0,600104
2013-03-28,10.998,11.394,11.484,10.848,285395.0,600104
2013-03-29,11.282,11.073,11.402,11.035,239866.0,600104
2013-04-01,11.043,10.841,11.05,10.758,228282.0,600104
2013-04-02,10.871,10.938,10.968,10.758,206274.0,600104
2013-04-03,10.96,10.998,11.215,10.878,161944.0,600104
2013-04-08,10.803,11.02,11.155,10.758,228809.0,600104
2013-04-09,11.147,11.477,11.529,11.08,429925.0,600104
2013-04-10,11.447,11.671,12.0,11.402,470802.0,600104
2013-04-11,11.821,11.656,11.97,11.484,262096.0,600104
2013-04-12,11.596,11.439,11.686,11.409,128624.0,600104
2013-04-15,11.372,11.17,11.694,11.147,255555.0,600104
2013-04-16,11.17,11.589,11.596,11.073,265765.0,600104
2013-04-17,11.604,11.544,11.671,11.32,177465.0,600104
2013-04-18,11.447,11.671,11.843,11.387,205971.0,600104
2013-04-19,11.761,11.858,12.03,11.716,328842.0,600104
2013-04-22,11.858,11.761,11.948,11.589,240479.0,600104
2013-04-23,11.783,11.297,11.798,11.215,356322.0,600104
2013-04-24,11.312,11.26,11.484,10.975,366523.0,600104
2013-04-25,11.245,11.132,11.334,10.983,295105.0,600104
2013-04-26,11.215,11.147,11.297,11.065,207678.0,600104
2013-05-02,11.08,11.147,11.162,10.923,162839.0,600104
2013-05-03,11.185,11.417,11.514,11.185,254021.0,600104
2013-05-06,11.477,11.536,11.634,11.334,243284.0,600104
2013-05-07,11.484,11.619,11.701,11.409,256567.0,600104
2013-05-08,11.724,12.262,12.277,11.724,658501.0,600104
2013-05-09,12.262,11.836,12.262,11.664,634243.0,600104
2013-05-10,11.753,11.903,11.948,11.634,353387.0,600104
2013-05-13,11.911,11.522,12.045,11.507,511041.0,600104
2013-05-14,11.514,11.297,11.566,11.155,321294.0,600104
2013-05-15,11.297,11.342,11.402,11.222,238467.0,600104
2013-05-16,11.327,11.507,11.514,11.192,324891.0,600104
2013-05-17,11.507,11.551,11.641,11.222,499912.0,600104
2013-05-20,11.551,11.776,11.851,11.417,592619.0,600104
2013-05-21,11.783,11.701,11.866,11.581,369663.0,600104
2013-05-22,11.686,11.866,11.955,11.671,440813.0,600104
2013-05-23,11.806,11.454,11.821,11.447,426187.0,600104
2013-05-24,11.462,11.417,11.536,11.327,292940.0,600104
2013-05-27,11.417,11.439,11.574,11.342,342266.0,600104
2013-05-28,11.432,11.656,11.671,11.297,377469.0,600104
2013-05-29,11.679,11.896,12.157,11.679,907601.0,600104
2013-05-30,11.828,11.776,11.881,11.634,473367.0,600104
2013-05-31,11.783,11.694,11.955,11.664,417410.0,600104
2013-06-03,11.694,11.641,11.783,11.596,256345.0,600104
2013-06-04,11.641,11.447,11.649,11.372,297723.0,600104
2013-06-05,11.439,11.544,11.551,11.349,198331.0,600104
2013-06-06,11.522,11.417,11.626,11.387,211033.0,600104
2013-06-07,11.514,11.267,11.559,11.162,278921.0,600104
2013-06-13,11.11,10.826,11.11,10.669,372511.0,600104
2013-06-14,10.788,10.945,10.983,10.714,228148.0,600104
2013-06-17,10.923,10.601,10.945,10.586,334724.0,600104
2013-06-18,10.616,10.609,10.669,10.452,206495.0,600104
2013-06-19,10.586,10.369,10.586,10.235,281183.0,600104
2013-06-20,10.28,9.898,10.317,9.861,275156.0,600104
2013-06-21,9.733,10.085,10.22,9.659,353988.0,600104
2013-06-24,10.018,9.666,10.025,9.621,449752.0,600104
2013-06-25,9.636,9.995,10.085,9.09,547370.0,600104
2013-06-26,9.995,10.025,10.1,9.838,284449.0,600104
2013-06-27,10.025,9.816,10.22,9.801,232759.0,600104
2013-06-28,9.801,9.883,10.048,9.689,234057.0,600104
2013-07-01,9.876,9.816,9.935,9.561,269427.0,600104
2013-07-02,9.771,9.853,9.868,9.636,197794.0,600104
2013-07-03,9.838,9.659,9.838,9.614,227741.0,600104
2013-07-04,9.704,9.988,10.137,9.666,356247.0,600104
2013-07-05,10.055,10.048,10.212,10.04,245520.0,600104
2013-07-08,9.92,9.771,9.92,9.696,187924.0,600104
2013-07-09,9.756,9.853,9.876,9.726,136168.0,600104
2013-07-10,9.906,10.093,10.1,9.838,281558.0,600104
2013-07-11,10.085,10.406,10.586,9.913,635133.0,600104
2013-07-12,10.406,10.108,10.406,10.085,319142.0,600104
2013-07-15,10.171,10.289,10.429,10.171,215332.0,600104
2013-07-16,10.265,10.257,10.336,10.14,179047.0,600104
2013-07-17,10.249,10.116,10.265,10.101,180766.0,600104
2013-07-18,10.101,9.889,10.116,9.819,308315.0,600104
2013-07-19,9.874,9.56,9.936,9.553,288316.0,600104
2013-07-22,9.513,9.6,9.623,9.396,214483.0,600104
2013-07-23,9.631,9.834,9.905,9.521,307254.0,600104
2013-07-24,9.834,9.709,9.928,9.592,251230.0,600104
2013-07-25,9.772,9.615,9.827,9.568,197743.0,600104
2013-07-26,9.56,9.647,9.678,9.513,166335.0,600104
2013-07-29,9.513,9.388,9.513,9.263,210514.0,600104
2013-07-30,9.388,9.419,9.607,9.349,140199.0,600104
2013-07-31,9.482,9.584,9.693,9.482,228416.0,600104
2013-08-01,9.67,9.717,9.787,9.584,221541.0,600104
2013-08-02,9.787,9.74,9.842,9.717,181192.0,600104
2013-08-05,9.756,9.913,9.913,9.631,221825.0,600104
2013-08-06,9.905,10.445,10.594,9.85,782193.0,600104
2013-08-07,10.398,10.476,10.79,10.351,497077.0,600104
2013-08-08,10.414,10.383,10.711,10.32,244663.0,600104
2013-08-09,10.539,10.414,10.602,10.226,172451.0,600104
2013-08-12,10.516,10.657,10.688,10.453,275037.0,600104
2013-08-13,10.688,10.704,10.735,10.563,189734.0,600104
2013-08-14,10.962,10.884,11.346,10.766,533831.0,600104
2013-08-15,10.876,10.57,10.915,10.547,244381.0,600104
2013-08-16,10.469,10.633,11.627,10.422,437819.0,600104
2013-08-19,10.539,10.719,10.782,10.476,175271.0,600104
2013-08-20,10.719,10.406,10.743,10.328,288977.0,600104
2013-08-21,10.492,10.249,10.492,10.155,317923.0,600104
2013-08-22,10.234,10.289,10.359,10.195,186928.0,600104
2013-08-23,10.351,10.155,10.383,9.952,206789.0,600104
2013-08-26,10.155,10.484,10.492,10.14,252332.0,600104
2013-08-27,10.484,10.461,10.516,10.359,218596.0,600104
2013-08-28,10.375,10.539,10.664,10.218,330553.0,600104
2013-08-29,10.578,10.39,10.625,10.281,247352.0,600104
2013-08-30,10.257,10.226,10.39,10.202,412190.0,600104
2013-09-02,10.234,10.312,10.398,10.155,274666.0,600104
2013-09-03,10.359,10.39,10.437,10.242,270791.0,600104
2013-09-04,10.336,10.375,10.453,10.265,227164.0,600104
2013-09-05,10.375,10.195,10.375,10.187,241354.0,600104
2013-09-06,10.187,10.312,10.32,10.155,278814.0,600104
2013-09-09,10.476,10.617,10.664,10.351,467873.0,600104
2013-09-10,10.672,10.844,10.923,10.602,533212.0,600104
2013-09-11,10.938,10.891,11.126,10.774,506364.0,600104
2013-09-12,10.891,10.852,10.962,10.704,346627.0,600104
2013-09-13,11.079,11.103,11.166,10.938,606860.0,600104
2013-09-16,11.119,10.79,11.119,10.704,491978.0,600104
2013-09-17,10.931,11.017,11.487,10.931,795211.0,600104
2013-09-18,11.15,10.868,11.166,10.798,322202.0,600104
2013-09-23,10.97,11.197,11.236,10.962,316404.0,600104
2013-09-24,11.158,10.97,11.173,10.766,364938.0,600104
2013-09-25,10.97,10.79,11.04,10.774,246612.0,600104
2013-09-26,10.798,10.492,10.805,10.469,234408.0,600104
2013-09-27,10.547,10.547,10.664,10.422,150470.0,600104
2013-09-30,10.719,10.594,10.758,10.547,162275.0,600104
2013-10-08,10.492,10.649,10.727,10.351,166915.0,600104
2013-10-09,10.617,10.884,10.915,10.563,221883.0,600104
2013-10-10,10.844,10.782,10.931,10.672,192820.0,600104
2013-10-11,10.891,11.205,11.275,10.844,516334.0,600104
2013-10-14,11.252,11.455,11.651,11.252,681926.0,600104
2013-10-15,11.432,11.393,11.534,11.291,242990.0,600104
2013-10-16,11.314,11.064,11.377,10.891,250061.0,600104
2013-10-17,11.142,11.009,11.212,10.993,174252.0,600104
2013-10-18,11.04,11.048,11.15,11.001,155642.0,600104
2013-10-21,11.095,11.197,11.212,10.891,246366.0,600104
2013-10-22,11.15,10.884,11.158,10.805,316881.0,600104
2013-10-23,10.938,10.649,10.978,10.61,237922.0,600104
2013-10-24,10.649,11.22,11.494,10.649,778251.0,600104
2013-10-25,11.236,10.938,11.314,10.852,336140.0,600104
2013-10-28,10.915,10.884,11.197,10.829,205201.0,600104
2013-10-29,10.931,10.876,11.087,10.625,314521.0,600104
2013-10-30,10.923,11.291,11.455,10.805,521385.0,600104
2013-10-31,11.432,11.228,11.534,11.212,448973.0,600104
2013-11-01,11.228,11.393,11.471,11.22,258451.0,600104
2013-11-04,11.534,11.776,11.902,11.432,722039.0,600104
2013-11-05,11.667,11.902,11.948,11.573,523068.0,600104
2013-11-06,11.847,11.502,11.98,11.479,410941.0,600104
2013-11-07,11.487,11.494,11.596,11.322,225594.0,600104
2013-11-08,11.432,11.51,11.8,11.416,288629.0,600104
2013-11-11,11.487,11.58,11.706,11.314,177910.0,600104
2013-11-12,11.58,11.573,11.651,11.416,154024.0,600104
2013-11-13,11.432,11.205,11.432,11.079,268203.0,600104
2013-11-14,11.22,11.659,11.745,11.126,364660.0,600104
2013-11-15,11.565,11.776,12.121,11.534,598317.0,600104
2013-11-18,11.902,12.003,12.332,11.862,410681.0,600104
2013-11-19,12.027,12.035,12.27,11.948,421141.0,600104
2013-11-20,12.191,12.136,12.254,11.988,214800.0,600104
2013-11-21,12.097,11.862,12.113,11.745,321632.0,600104
2013-11-22,11.941,11.956,12.089,11.792,191196.0,600104
2013-11-25,11.8,12.019,12.176,11.8,221444.0,600104
2013-11-26,11.964,11.753,12.011,11.698,280233.0,600104
2013-11-27,11.721,11.862,11.964,11.714,155588.0,600104
2013-11-28,11.878,12.168,12.207,11.87,313732.0,600104
2013-11-29,12.136,12.042,12.152,11.988,166445.0,600104
2013-12-02,11.902,11.847,12.215,11.808,269280.0,600104
2013-12-03,11.784,12.105,12.152,11.784,288918.0,600104
2013-12-04,12.097,12.497,12.638,12.058,534017.0,600104
2013-12-05,12.497,12.52,12.653,12.379,312234.0,600104
2013-12-06,12.45,12.379,12.567,12.317,216768.0,600104
2013-12-09,12.473,12.45,12.52,12.254,192544.0,600104
2013-12-10,12.481,12.473,12.638,12.363,199788.0,600104
2013-12-11,12.348,12.144,12.434,12.097,196687.0,600104
2013-12-12,12.074,12.121,12.387,12.035,244090.0,600104
2013-12-13,11.98,12.042,12.199,11.964,169918.0,600104
2013-12-16,12.058,11.393,12.074,11.291,502995.0,600104
2013-12-17,11.353,11.189,11.416,11.126,222846.0,600104
2013-12-18,11.236,11.244,11.471,11.142,198200.0,600104
2013-12-19,11.299,11.205,11.8,11.166,224816.0,600104
2013-12-20,11.228,10.633,11.299,10.179,337583.0,600104
2013-12-23,10.719,10.805,10.97,10.649,185445.0,600104
2013-12-24,10.884,10.798,10.993,10.68,175114.0,600104
2013-12-25,10.829,10.813,10.868,10.704,152995.0,600104
2013-12-26,10.751,10.476,10.805,10.461,189828.0,600104
2013-12-27,10.492,10.86,11.001,10.453,292222.0,600104
2013-12-30,10.86,10.954,11.056,10.798,152079.0,600104
2013-12-31,10.813,11.072,11.119,10.813,116255.0,600104
2014-01-02,11.032,10.844,11.048,10.798,170352.0,600104
2014-01-03,10.727,10.531,10.766,10.414,315196.0,600104
2014-01-06,10.453,10.21,10.461,10.163,305568.0,600104
2014-01-07,10.171,10.289,10.383,10.108,113594.0,600104
2014-01-08,10.312,10.492,10.578,10.289,240676.0,600104
2014-01-09,10.414,10.226,10.602,10.179,150498.0,600104
2014-01-10,10.257,10.226,10.289,10.093,169781.0,600104
2014-01-13,10.171,10.187,10.383,10.077,157080.0,600104
2014-01-14,10.249,10.265,10.343,10.14,277878.0,600104
2014-01-15,10.218,10.336,10.343,10.195,134510.0,600104
2014-01-16,10.32,10.257,10.343,10.14,202405.0,600104
2014-01-17,10.234,9.889,10.234,9.866,346982.0,600104
2014-01-20,9.905,9.772,9.96,9.686,231201.0,600104
2014-01-21,9.811,9.928,9.983,9.803,130735.0,600104
2014-01-22,9.944,10.249,10.312,9.921,261938.0,600104
2014-01-23,10.265,10.234,10.367,10.202,206958.0,600104
2014-01-24,10.218,10.32,10.445,10.171,194636.0,600104
2014-01-27,10.234,10.234,10.351,10.132,159808.0,600104
2014-01-28,10.281,10.249,10.351,10.179,122492.0,600104
2014-01-29,10.328,10.249,10.343,10.148,110680.0,600104
2014-01-30,10.202,10.163,10.257,10.14,97310.0,600104
2014-02-07,10.101,10.14,10.148,9.881,165801.0,600104
2014-02-10,10.202,10.555,10.625,10.202,397209.0,600104
2014-02-11,10.649,10.586,10.743,10.492,361765.0,600104
2014-02-12,10.586,10.476,10.61,10.429,253968.0,600104
2014-02-13,10.5,10.5,10.641,10.422,288352.0,600104
2014-02-14,10.523,10.57,10.602,10.437,210751.0,600104
2014-02-17,10.633,10.727,10.782,10.531,321606.0,600104
2014-02-18,10.711,10.539,10.711,10.492,235977.0,600104
2014-02-19,10.531,10.664,10.782,10.516,274312.0,600104
2014-02-20,10.774,10.68,11.048,10.672,453841.0,600104
2014-02-21,10.672,10.617,10.868,10.516,220216.0,600104
2014-02-24,10.516,10.289,10.516,10.148,280562.0,600104
2014-02-25,10.296,9.952,10.312,9.913,370047.0,600104
2014-02-26,9.889,9.936,9.991,9.725,286380.0,600104
2014-02-27,9.96,9.905,10.171,9.874,214251.0,600104
2014-02-28,9.866,9.944,10.007,9.709,212770.0,600104
2014-03-03,9.944,10.085,10.148,9.905,244126.0,600104
2014-03-04,10.03,10.273,10.312,9.991,337158.0,600104
2014-03-05,10.312,10.069,10.383,10.03,232881.0,600104
2014-03-06,10.085,10.022,10.093,9.889,192356.0,600104
2014-03-07,10.022,10.007,10.155,9.936,152442.0,600104
2014-03-10,10.061,9.905,10.155,9.866,251698.0,600104
2014-03-11,9.905,9.803,9.999,9.693,288189.0,600104
2014-03-12,9.74,9.842,9.897,9.568,252420.0,600104
2014-03-13,9.866,9.905,9.921,9.772,164023.0,600104
2014-03-14,9.842,9.834,9.897,9.756,139092.0,600104
2014-03-17,9.928,9.983,10.007,9.819,193897.0,600104
2014-03-18,9.999,9.968,10.077,9.913,191021.0,600104
2014-03-19,9.96,9.85,9.96,9.74,140723.0,600104
2014-03-20,9.874,9.654,9.889,9.623,205261.0,600104
2014-03-21,9.623,9.983,10.022,9.584,305774.0,600104
2014-03-24,10.101,10.085,10.163,9.983,264060.0,600104
2014-03-25,10.061,10.257,10.406,10.03,345728.0,600104
2014-03-26,10.218,10.148,10.312,10.077,271326.0,600104
2014-03-27,10.148,10.03,10.195,9.889,288792.0,600104
2014-03-28,10.649,10.868,11.032,10.539,1225175.0,600104
2014-03-31,10.962,10.844,11.111,10.758,521128.0,600104
2014-04-01,10.884,10.876,10.954,10.743,358616.0,600104
2014-04-02,10.884,11.056,11.064,10.813,446922.0,600104
2014-04-03,11.064,10.899,11.103,10.852,326283.0,600104
2014-04-04,10.907,10.985,11.064,10.837,231529.0,600104
2014-04-08,10.954,11.408,11.494,10.884,558062.0,600104
2014-04-09,11.432,11.4,11.534,11.314,241471.0,600104
2014-04-10,11.4,11.682,11.721,11.291,413738.0,600104
2014-04-11,11.627,11.714,11.784,11.573,384862.0,600104
2014-04-14,11.69,11.667,11.87,11.573,237647.0,600104
2014-04-15,11.627,11.212,11.659,11.189,386314.0,600104
2014-04-16,11.205,11.197,11.314,11.095,192077.0,600104
2014-04-17,11.252,11.259,11.322,11.173,152258.0,600104
2014-04-18,11.244,11.306,11.455,11.119,225762.0,600104
2014-04-21,11.197,11.032,11.275,11.025,204485.0,600104
2014-04-22,11.048,11.228,11.236,10.993,211260.0,600104
2014-04-23,11.126,11.236,11.346,11.126,168186.0,600104
2014-04-24,11.244,11.236,11.353,11.15,143465.0,600104
2014-04-25,11.236,11.173,11.377,11.166,187541.0,600104
2014-04-28,11.025,11.009,11.119,10.962,171626.0,600104
2014-04-29,11.04,11.353,11.424,11.025,284456.0,600104
2014-04-30,11.283,11.369,11.408,11.228,169325.0,600104
2014-05-05,11.299,11.353,11.369,11.244,166753.0,600104
2014-05-06,11.353,11.291,11.385,11.267,136972.0,600104
2014-05-07,11.283,11.228,11.338,11.142,133836.0,600104
2014-05-08,11.228,11.408,11.479,11.173,180135.0,600104
2014-05-09,11.424,11.291,11.447,11.283,103181.0,600104
2014-05-12,11.377,11.58,11.62,11.322,271041.0,600104
2014-05-13,11.58,11.463,11.58,11.377,123725.0,600104
2014-05-14,11.463,11.471,11.494,11.361,98577.0,600104
2014-05-15,11.416,11.408,11.534,11.385,136744.0,600104
2014-05-16,11.416,11.447,11.463,11.33,127160.0,600104
2014-05-19,11.369,11.197,11.416,11.197,127460.0,600104
2014-05-20,11.267,11.236,11.361,11.205,89752.0,600104
2014-05-21,11.205,11.338,11.346,11.158,79913.0,600104
2014-05-22,11.33,11.353,11.455,11.259,131204.0,600104
2014-05-23,11.377,11.487,11.502,11.322,104254.0,600104
2014-05-26,11.784,11.58,11.902,11.479,299473.0,600104
2014-05-27,11.518,11.487,11.557,11.432,122488.0,600104
2014-05-28,11.479,11.541,11.565,11.377,114560.0,600104
2014-05-29,11.549,11.471,11.659,11.463,134694.0,600104
2014-05-30,11.51,11.432,11.518,11.4,107883.0,600104
2014-06-03,11.447,11.361,11.518,11.346,117712.0,600104
2014-06-04,11.369,11.338,11.385,11.181,155984.0,600104
2014-06-05,11.306,11.463,11.502,11.275,110166.0,600104
2014-06-06,11.455,11.487,11.612,11.416,143626.0,600104
2014-06-09,11.447,11.627,11.651,11.432,201205.0,600104
2014-06-10,11.659,11.823,11.847,11.588,248531.0,600104
2014-06-11,11.792,11.886,11.909,11.745,218826.0,600104
2014-06-12,11.847,11.831,11.948,11.792,127192.0,600104
2014-06-13,11.831,12.089,12.176,11.823,256797.0,600104
2014-06-16,12.089,12.371,12.418,12.089,274127.0,600104
2014-06-17,12.293,12.113,12.317,12.042,217545.0,600104
2014-06-18,12.089,12.246,12.277,12.05,159228.0,600104
2014-06-19,12.215,11.925,12.324,11.862,168085.0,600104
2014-06-20,11.98,12.113,12.136,11.948,122634.0,600104
2014-06-23,12.097,12.074,12.332,12.058,93911.0,600104
2014-06-24,12.074,12.176,12.223,12.035,108386.0,600104
2014-06-25,12.168,11.972,12.191,11.902,145382.0,600104
2014-06-26,11.98,11.98,12.097,11.956,111241.0,600104
2014-06-27,11.964,11.995,12.089,11.87,133083.0,600104
2014-06-30,11.995,11.98,12.152,11.956,172297.0,600104
2014-07-01,12.027,12.066,12.105,11.995,116370.0,600104
2014-07-02,12.082,12.082,12.105,12.003,116428.0,600104
2014-07-03,12.105,12.254,12.324,12.058,174984.0,600104
2014-07-04,12.262,12.183,12.332,12.097,114709.0,600104
2014-07-07,12.238,12.035,12.246,12.019,139781.0,600104
2014-07-08,12.011,12.082,12.089,11.956,128623.0,600104
2014-07-09,12.058,12.121,12.309,12.019,209205.0,600104
2014-07-10,12.183,12.035,12.332,11.995,167282.0,600104
2014-07-11,12.042,12.23,12.434,11.98,251977.0,600104
2014-07-14,12.262,12.528,12.677,12.254,535235.0,600104
2014-07-15,12.528,12.52,12.598,12.363,275624.0,600104
2014-07-16,12.497,12.504,12.622,12.465,217441.0,600104
2014-07-17,12.489,12.199,12.512,12.136,211950.0,600104
2014-07-18,12.152,12.41,12.52,12.152,247024.0,600104
2014-07-21,12.41,12.731,12.771,12.371,328229.0,600104
2014-07-22,12.669,12.951,13.201,12.653,490349.0,600104
2014-07-23,12.904,13.084,13.146,12.865,284878.0,600104
2014-07-24,13.522,13.514,13.632,13.193,523827.0,600104
2014-07-25,13.514,13.734,13.781,13.452,290177.0,600104
2014-07-28,13.82,13.843,14.11,13.804,393160.0,600104
2014-07-29,13.937,13.804,14.023,13.726,385980.0,600104
2014-07-30,13.872,13.578,13.872,13.469,365254.0,600104
2014-07-31,13.578,13.687,13.695,13.46,211714.0,600104
2014-08-01,13.603,13.662,13.906,13.578,290085.0,600104
2014-08-04,13.687,13.922,13.939,13.611,315413.0,600104
2014-08-05,13.931,13.805,13.99,13.687,238850.0,600104
2014-08-06,13.712,13.662,13.779,13.569,200185.0,600104
2014-08-07,13.662,13.284,13.737,13.267,374218.0,600104
2014-08-08,13.301,13.469,13.494,13.225,220981.0,600104
2014-08-11,13.511,13.754,13.805,13.401,233535.0,600104
2014-08-12,13.754,13.754,13.779,13.586,204498.0,600104
2014-08-13,13.754,13.712,13.822,13.595,185181.0,600104
2014-08-14,13.788,14.258,14.359,13.779,650095.0,600104
2014-08-15,14.208,14.586,14.603,14.124,343396.0,600104
2014-08-18,14.594,14.561,14.695,14.46,211201.0,600104
2014-08-19,14.561,14.477,14.578,14.376,191521.0,600104
2014-08-20,14.401,14.2,14.426,14.124,209444.0,600104
2014-08-21,14.2,14.368,14.384,14.124,213261.0,600104
2014-08-22,14.368,14.309,14.452,14.208,133525.0,600104
2014-08-25,14.284,14.065,14.284,13.948,213941.0,600104
2014-08-26,14.057,13.889,14.065,13.805,191479.0,600104
2014-08-27,13.889,14.048,14.225,13.889,122284.0,600104
2014-08-28,14.04,13.914,14.149,13.864,107065.0,600104
2014-08-29,13.948,14.225,14.275,13.931,148878.0,600104
2014-09-01,14.326,14.418,14.552,14.284,191855.0,600104
2014-09-02,14.435,14.519,14.561,14.284,227162.0,600104
2014-09-03,14.519,14.855,15.082,14.519,337489.0,600104
2014-09-04,14.83,15.065,15.183,14.813,324234.0,600104
2014-09-05,15.199,15.704,15.712,15.199,412753.0,600104
2014-09-09,15.712,15.662,15.855,15.418,228984.0,600104
2014-09-10,15.536,15.426,15.544,15.3,174420.0,600104
2014-09-11,15.376,15.183,15.51,15.107,235878.0,600104
2014-09-12,15.166,15.561,15.586,15.124,167629.0,600104
2014-09-15,15.384,15.401,15.46,15.124,224638.0,600104
2014-09-16,15.401,14.704,15.443,14.687,359234.0,600104
2014-09-17,14.914,14.838,14.914,14.494,231236.0,600104
2014-09-18,14.788,15.065,15.065,14.712,272262.0,600104
2014-09-19,15.048,15.359,15.409,14.956,201775.0,600104
2014-09-22,15.351,15.057,15.351,14.947,229139.0,600104
2014-09-23,15.015,15.124,15.275,14.956,145562.0,600104
2014-09-24,14.956,15.359,15.426,14.956,212005.0,600104
2014-09-25,15.544,15.124,15.704,15.04,220141.0,600104
2014-09-26,15.141,15.124,15.258,14.981,165045.0,600104
2014-09-29,15.124,15.283,15.334,15.065,224930.0,600104
2014-09-30,15.258,15.191,15.334,15.082,200982.0,600104
2014-10-08,15.208,15.292,15.418,15.208,198341.0,600104
2014-10-09,15.359,15.183,15.409,15.099,219334.0,600104
2014-10-10,15.04,14.788,15.082,14.712,342666.0,600104
2014-10-13,14.704,14.763,14.788,14.435,304900.0,600104
2014-10-14,14.67,14.485,14.763,14.443,225418.0,600104
2014-10-15,14.502,14.695,14.763,14.477,181807.0,600104
2014-10-16,14.594,14.729,14.931,14.544,183294.0,600104
2014-10-17,14.779,14.905,15.031,14.578,192976.0,600104
2014-10-20,14.897,14.805,14.939,14.662,156072.0,600104
2014-10-21,14.746,14.569,14.746,14.536,150167.0,600104
2014-10-22,14.578,14.586,14.754,14.536,133143.0,600104
2014-10-23,14.586,14.46,14.721,14.401,181014.0,600104
2014-10-24,14.46,14.426,14.519,14.384,150463.0,600104
2014-10-27,14.41,14.25,14.41,14.04,257722.0,600104
2014-10-28,14.216,14.468,14.494,14.183,191625.0,600104
2014-10-29,14.519,14.586,14.653,14.309,280157.0,600104
2014-10-30,14.578,14.863,14.88,14.544,317624.0,600104
2014-10-31,14.947,15.006,15.275,14.947,319620.0,600104
2014-11-03,15.057,14.922,15.057,14.889,170795.0,600104
2014-11-04,14.872,14.763,14.889,14.729,165154.0,600104
2014-11-05,14.704,14.737,14.872,14.687,127714.0,600104
2014-11-06,14.855,14.83,14.855,14.712,119522.0,600104
2014-11-07,14.897,14.586,14.905,14.544,223536.0,600104
2014-11-10,14.704,15.317,15.342,14.695,455862.0,600104
2014-11-11,15.46,15.006,15.51,14.88,420379.0,600104
2014-11-12,14.989,15.502,15.51,14.905,272980.0,600104
2014-11-13,15.51,15.536,15.67,15.275,290121.0,600104
2014-11-14,15.536,15.855,15.88,15.46,274888.0,600104
2014-11-17,17.434,16.359,17.434,16.132,1085436.0,600104
2014-11-18,16.342,16.435,16.451,15.964,480041.0,600104
2014-11-19,16.267,15.67,16.267,15.586,433924.0,600104
2014-11-20,15.544,15.947,15.981,15.384,360683.0,600104
2014-11-21,15.972,16.208,16.233,15.704,226131.0,600104
2014-11-24,16.636,16.477,16.636,16.25,438756.0,600104
2014-11-25,16.636,16.93,17.04,16.451,380655.0,600104
2014-11-26,17.04,16.729,17.224,16.51,361177.0,600104
2014-11-27,16.729,16.468,16.779,16.233,402846.0,600104
2014-11-28,16.359,16.619,16.678,16.14,471653.0,600104
2014-12-01,16.468,16.309,17.392,16.225,624242.0,600104
2014-12-02,16.241,16.569,16.796,16.216,467318.0,600104
2014-12-03,16.678,17.283,17.821,16.678,764519.0,600104
2014-12-04,17.476,17.897,17.939,17.392,550949.0,600104
2014-12-05,18.174,18.132,18.787,17.485,763573.0,600104
2014-12-08,18.317,18.938,19.056,18.14,712641.0,600104
2014-12-09,18.636,17.989,20.417,17.266,1128017.0,600104
2014-12-10,18.426,19.316,19.342,18.417,675445.0,600104
2014-12-11,19.325,18.88,19.577,18.569,614203.0,600104
2014-12-12,19.039,18.384,19.224,18.325,440404.0,600104
2014-12-15,18.241,18.283,18.485,17.602,462621.0,600104
2014-12-16,18.283,18.485,18.67,17.897,445959.0,600104
2014-12-17,18.485,18.56,19.006,18.149,660272.0,600104
2014-12-18,18.577,18.468,18.636,18.3,407020.0,600104
2014-12-19,18.468,19.031,19.106,18.132,556561.0,600104
2014-12-22,19.073,19.14,19.51,18.745,677620.0,600104
2014-12-23,19.232,19.064,19.543,18.821,577521.0,600104
2014-12-24,18.98,17.88,19.031,17.67,585141.0,600104
2014-12-25,17.88,18.014,18.14,17.619,435526.0,600104
2014-12-26,17.972,18.577,18.72,17.897,454791.0,600104
2014-12-29,18.77,18.182,19.056,17.939,516147.0,600104
2014-12-30,17.644,17.518,18.182,17.367,627429.0,600104
2014-12-31,17.728,18.039,18.191,17.233,459492.0,600104
2015-01-05,18.233,19.846,19.846,18.224,1308210.0,600104
2015-01-06,19.829,20.728,21.829,19.485,1437856.0,600104
2015-01-07,20.669,20.72,21.173,20.165,740619.0,600104
2015-01-08,20.468,20.283,20.72,19.829,552735.0,600104
2015-01-09,20.14,19.947,20.711,19.804,675712.0,600104
2015-01-12,20.005,20.678,20.837,19.997,767558.0,600104
2015-01-13,20.753,21.131,21.526,20.291,706951.0,600104
2015-01-14,21.131,20.442,21.35,20.249,394891.0,600104
2015-01-15,20.333,20.728,20.812,20.207,415629.0,600104
2015-01-16,20.837,20.879,21.341,20.762,427536.0,600104
2015-01-19,19.485,19.199,20.249,18.796,684112.0,600104
2015-01-20,19.182,19.602,19.829,18.938,554601.0,600104
2015-01-21,19.627,20.123,20.241,19.358,534451.0,600104
2015-01-22,20.493,20.224,20.669,19.871,501028.0,600104
2015-01-23,20.35,19.989,20.577,19.871,402712.0,600104
2015-01-26,20.064,19.829,20.157,19.468,358807.0,600104
2015-01-27,19.871,20.325,20.745,19.829,698116.0,600104
2015-01-28,20.081,20.064,20.417,19.762,430991.0,600104
2015-01-29,20.064,19.669,20.064,19.585,339483.0,600104
2015-01-30,19.703,19.031,20.039,19.014,393301.0,600104
2015-02-02,18.695,18.451,18.913,18.308,422843.0,600104
2015-02-03,18.703,18.905,18.938,18.401,397183.0,600104
2015-02-04,18.989,18.434,19.165,18.409,408597.0,600104
2015-02-05,18.888,18.333,19.048,18.317,507090.0,600104
2015-02-06,18.375,18.493,18.72,18.199,437040.0,600104
2015-02-09,18.611,18.888,19.073,18.56,361855.0,600104
2015-02-10,18.913,19.316,19.375,18.829,340468.0,600104
2015-02-11,19.392,19.426,19.745,19.241,267382.0,600104
2015-02-12,19.577,19.325,19.577,18.972,170656.0,600104
2015-02-13,19.459,19.241,19.543,19.09,220192.0,600104
2015-02-16,19.409,19.459,19.56,19.123,240519.0,600104
2015-02-17,19.485,19.821,20.022,19.409,346079.0,600104
2015-02-25,19.829,20.3,20.686,19.577,585388.0,600104
2015-02-26,20.3,20.77,20.879,20.173,447264.0,600104
2015-02-27,20.694,20.468,21.106,20.417,301658.0,600104
2015-03-02,20.568,20.4,20.795,20.014,401055.0,600104
2015-03-03,20.039,19.695,20.4,19.644,291468.0,600104
2015-03-04,19.871,19.989,20.031,19.493,281559.0,600104
2015-03-05,19.661,19.577,20.056,19.409,296615.0,600104
2015-03-06,19.577,19.09,19.661,18.98,335055.0,600104
2015-03-09,18.737,19.426,19.569,18.67,288690.0,600104
2015-03-10,19.325,19.291,19.451,19.199,201828.0,600104
2015-03-11,19.291,19.812,19.829,19.291,393643.0,600104
2015-03-12,19.997,20.762,21.761,19.989,1104108.0,600104
2015-03-13,20.997,20.778,21.039,20.518,754818.0,600104
2015-03-16,20.787,20.913,20.921,20.426,620444.0,600104
2015-03-17,21.005,21.106,21.173,20.627,620796.0,600104
2015-03-18,21.005,21.14,21.215,20.795,545652.0,600104
2015-03-19,21.005,20.762,21.089,20.753,554797.0,600104
2015-03-20,20.795,20.762,20.938,20.686,485109.0,600104
2015-03-23,20.997,21.392,21.736,20.946,854622.0,600104
2015-03-24,21.35,21.434,21.644,21.089,633355.0,600104
2015-03-25,21.451,20.829,21.501,20.72,544127.0,600104
2015-03-26,20.594,20.82,20.988,20.417,429344.0,600104
2015-03-27,20.837,20.736,20.963,20.552,374494.2,600104
2015-03-30,20.93,21.333,21.425,20.745,718506.0,600104
2015-03-31,21.425,20.888,21.829,20.77,645724.0,600104
2015-04-01,20.888,21.703,21.787,20.82,704615.0,600104
2015-04-02,21.837,21.476,21.963,21.056,658275.0,600104
2015-04-03,21.652,22.039,22.249,21.635,872307.0,600104
2015-04-07,22.081,21.921,22.257,21.728,1003866.0,600104
2015-04-08,21.946,22.014,22.392,21.526,929554.0,600104
2015-04-09,22.081,21.417,22.14,21.283,860282.0,600104
2015-04-10,21.409,21.619,21.694,21.266,671229.0,600104
2015-04-13,21.635,21.484,22.131,21.4,1305965.0,600104
2015-04-14,21.484,21.484,21.745,21.291,996566.0,600104
2015-04-15,21.476,21.635,21.963,21.341,986669.0,600104
2015-04-16,21.593,23.223,23.4,21.509,1554281.0,600104
2015-04-17,23.61,23.165,23.828,22.971,1194623.0,600104
2015-04-20,23.148,22.904,23.854,22.534,1202672.0,600104
2015-04-21,23.106,23.694,23.778,22.988,830847.0,600104
2015-04-22,24.097,23.744,24.198,23.433,1201693.0,600104
2015-04-23,24.198,23.534,24.517,23.291,1126194.0,600104
2015-04-24,23.106,22.829,23.274,22.61,914049.0,600104
2015-04-27,22.896,23.064,23.19,22.686,956140.0,600104
2015-04-28,22.904,22.728,23.484,22.543,978286.0,600104
2015-04-29,22.526,22.946,23.257,22.383,587706.0,600104
2015-04-30,23.148,22.686,23.24,22.677,609545.0,600104
2015-05-04,22.745,22.803,23.089,22.635,606247.0,600104
2015-05-05,22.921,21.652,22.921,21.577,807494.0,600104
2015-05-06,21.77,21.308,22.064,21.173,721508.0,600104
2015-05-07,21.35,21.308,21.669,21.232,438503.0,600104
2015-05-08,21.325,21.291,21.551,20.879,712309.0,600104
2015-05-11,21.308,21.761,21.778,20.921,909139.0,600104
2015-05-12,21.753,21.602,21.753,21.383,852261.0,600104
2015-05-13,21.341,21.115,21.509,21.081,1005880.0,600104
2015-05-14,21.131,20.661,21.19,20.627,1039872.0,600104
2015-05-15,20.594,20.392,20.594,20.014,1079439.0,600104
2015-05-18,20.283,20.014,20.308,19.997,728211.0,600104
2015-05-19,19.98,20.736,20.753,19.938,958657.0,600104
2015-05-20,20.753,21.081,21.425,20.753,1155475.0,600104
2015-05-21,21.089,21.241,21.299,20.879,799625.0,600104
2015-05-22,21.577,21.669,21.761,21.308,1027368.0,600104
2015-05-25,21.669,22.165,22.266,21.669,1133922.0,600104
2015-05-26,22.173,22.215,22.358,21.862,1117105.0,600104
2015-05-27,22.232,21.711,22.308,21.61,1071872.0,600104
2015-05-28,21.677,20.3,21.677,20.241,1222749.0,600104
2015-05-29,20.3,20.148,20.585,19.846,972674.0,600104
2015-06-01,20.165,20.963,20.988,19.963,886123.0,600104
2015-06-02,20.913,20.862,20.98,20.459,828833.0,600104
2015-06-03,20.879,21.098,21.535,20.703,1003613.0,600104
2015-06-04,21.299,20.888,21.299,19.409,1026581.0,600104
2015-06-05,21.089,21.182,21.325,20.678,1278234.0,600104
2015-06-08,21.173,22.358,22.375,21.022,2213454.0,600104
2015-06-09,22.417,21.938,22.576,21.669,1665634.0,600104
2015-06-10,21.728,21.997,22.366,21.493,1453380.0,600104
2015-06-11,22.014,21.862,22.182,21.551,1053589.0,600104
2015-06-12,22.03,21.93,22.098,21.686,1139738.0,600104
2015-06-15,22.047,21.308,22.14,21.266,1107122.0,600104
2015-06-16,21.005,20.644,21.417,20.417,838028.0,600104
2015-06-17,20.661,20.804,20.871,20.173,765986.0,600104
2015-06-18,20.753,19.804,20.795,19.753,794605.0,600104
2015-06-19,19.653,18.896,19.896,18.829,963796.0,600104
2015-06-23,18.896,19.594,19.611,18.384,881125.0,600104
2015-06-24,19.594,19.753,19.821,19.232,988938.0,600104
2015-06-25,19.661,18.972,19.695,18.829,867044.0,600104
2015-06-26,18.644,17.653,18.989,17.082,1287998.0,600104
2015-06-29,17.972,17.628,18.283,16.174,1416106.0,600104
2015-06-30,17.476,18.989,19.174,17.392,1239509.0,600104
2015-07-01,18.569,18.165,18.972,18.023,914700.0,600104
2015-07-02,18.308,17.77,18.577,17.308,908360.0,600104
2015-07-03,17.855,17.023,18.073,16.451,980591.0,600104
2015-07-06,18.695,18.401,18.703,17.913,2261569.0,600104
2015-07-07,18.308,19.392,19.443,17.997,2147543.0,600104
2015-07-08,18.065,19.316,19.535,17.451,2787253.0,600104
2015-07-09,19.316,21.199,21.241,18.493,1709591.0,600104
2015-07-10,20.501,21.938,22.988,20.501,2395933.0,600104
2015-07-13,21.409,20.871,21.661,20.35,1761318.0,600104
2015-07-14,20.333,19.535,20.35,19.325,1399964.0,600104
2015-07-15,19.434,19.913,20.005,18.989,1052955.0,600104
2015-07-16,19.913,19.972,20.224,19.913,854251.0,600104
2015-07-17,20.148,20.476,20.753,19.669,856925.0,600104
2015-07-20,20.484,20.249,20.501,20.064,731387.0,600104
2015-07-21,20.585,20.577,20.661,20.308,1066572.0,600104
2015-07-22,20.142,19.45,20.142,19.175,960778.0,600104
2015-07-23,19.299,19.521,19.637,19.095,644362.0,600104
2015-07-24,19.557,18.909,19.61,18.811,668032.0,600104
2015-07-27,18.634,17.037,18.811,17.019,763768.0,600104
2015-07-28,16.691,17.117,17.374,16.691,794286.0,600104
2015-07-29,17.267,17.569,17.676,16.992,478877.0,600104
2015-07-30,17.489,16.957,17.489,16.886,436546.0,600104
2015-07-31,16.859,17.09,17.196,16.637,371422.0,600104
2015-08-03,17.09,17.56,17.578,16.912,463766.0,600104
2015-08-04,17.56,17.818,17.826,17.534,317514.0,600104
2015-08-05,17.755,17.223,17.791,17.196,350473.0,600104
2015-08-06,16.939,17.205,17.525,16.868,262809.0,600104
2015-08-07,17.392,17.365,17.525,17.223,298292.0,600104
2015-08-10,17.401,18.022,18.128,17.321,555940.0,600104
2015-08-11,17.951,17.8,18.119,17.658,455787.0,600104
2015-08-12,17.658,17.605,17.862,17.578,290799.0,600104
2015-08-13,17.729,17.782,17.862,17.48,381695.0,600104
2015-08-14,17.791,17.578,17.809,17.463,467651.0,600104
2015-08-17,17.569,17.356,17.569,17.143,363957.0,600104
2015-08-18,17.454,16.185,17.551,15.883,536630.0,600104
2015-08-19,15.963,16.3,16.407,15.67,432231.0,600104
2015-08-20,16.149,15.883,16.194,15.865,325561.0,600104
2015-08-21,15.715,15.085,15.865,15.005,422549.0,600104
2015-08-24,14.641,13.656,14.641,13.576,821352.0,600104
2015-08-25,13.203,12.52,13.869,12.423,778099.0,600104
2015-08-26,12.778,13.328,13.709,12.556,779360.0,600104
2015-08-27,13.594,14.659,14.659,13.55,772432.0,600104
2015-08-28,15.093,15.04,15.342,14.384,782431.0,600104
2015-08-31,14.73,15.351,15.395,14.206,598198.0,600104
2015-09-01,14.96,15.475,15.484,14.472,859564.0,600104
2015-09-02,14.907,15.901,15.919,14.73,919092.0,600104
2015-09-07,15.706,14.952,16.194,14.73,472122.0,600104
2015-09-08,14.685,15.129,15.253,14.57,255254.0,600104
2015-09-09,15.164,15.218,15.413,15.076,286487.0,600104
2015-09-10,15.093,15.244,15.28,14.969,190622.0,600104
2015-09-11,15.173,15.227,15.342,15.058,140277.0,600104
2015-09-14,15.262,15.608,15.635,14.952,443274.0,600104
2015-09-15,15.369,15.528,15.608,15.04,345443.0,600104
2015-09-16,15.351,16.282,16.842,15.271,334394.0,600104
2015-09-17,16.007,15.484,16.149,15.44,267541.0,600104
2015-09-18,15.493,15.351,15.688,15.262,130786.0,600104
2015-09-21,15.218,15.369,15.475,15.085,125447.0,600104
2015-09-22,15.369,15.431,15.599,15.333,167596.0,600104
2015-09-23,15.173,14.685,15.191,14.65,278001.0,600104
2015-09-24,14.676,14.73,14.863,14.641,117608.0,600104
2015-09-25,14.659,14.49,14.685,14.251,162457.0,600104
2015-09-28,14.375,14.703,14.81,14.366,109545.0,600104
2015-09-29,14.517,14.339,14.641,14.233,107104.0,600104
2015-09-30,15.058,14.907,15.351,14.818,299585.0,600104
2015-10-08,15.573,15.768,16.034,15.573,340631.0,600104
2015-11-06,17.347,17.347,17.347,17.347,166804.0,600104
2015-11-09,17.924,18.519,19.051,17.88,969575.0,600104
2015-11-10,18.279,18.35,18.59,18.057,631039.0,600104
2015-11-11,18.323,18.022,18.359,17.906,457130.0,600104
2015-11-12,18.173,17.658,18.173,17.587,318372.0,600104
2015-11-13,17.551,17.862,18.039,17.472,372255.0,600104
2015-11-16,17.924,17.933,18.093,17.613,328704.0,600104
2015-11-17,18.146,17.818,18.146,17.747,326482.0,600104
2015-11-18,18.066,17.578,18.066,17.489,170603.0,600104
2015-11-19,17.569,17.649,17.684,17.525,185469.0,600104
2015-11-20,17.667,17.711,17.809,17.587,190979.0,600104
2015-11-23,17.711,17.649,17.897,17.613,181748.0,600104
2015-11-24,17.658,17.605,17.702,17.374,122621.0,600104
2015-11-25,17.605,17.676,17.773,17.454,193783.0,600104
2015-11-26,17.826,17.587,17.826,17.569,123296.0,600104
2015-11-27,17.569,16.815,17.569,16.691,201400.0,600104
2015-11-30,16.859,16.975,17.081,16.593,188176.0,600104
2015-12-01,16.904,17.365,17.543,16.868,175973.0,600104
2015-12-02,17.303,18.306,18.98,17.259,624616.0,600104
2015-12-03,18.368,18.758,18.811,18.102,446239.0,600104
2015-12-04,18.59,18.314,18.598,18.039,223271.0,600104
2015-12-07,18.314,18.314,18.483,18.013,143063.0,600104
2015-12-08,18.279,17.818,18.297,17.773,114764.0,600104
2015-12-09,17.924,18.616,18.74,17.924,386078.0,600104
2015-12-10,18.545,18.314,18.607,18.279,198121.0,600104
2015-12-11,18.261,18.11,18.368,18.057,122963.0,600104
2015-12-14,18.066,18.412,18.456,17.995,152902.0,600104
2015-12-15,18.341,18.243,18.59,18.155,158416.0,600104
2015-12-16,18.252,18.128,18.377,18.057,145722.0,600104
2015-12-17,18.19,18.323,18.501,18.19,176649.0,600104
2015-12-18,18.243,18.368,18.448,18.181,123484.0,600104
2015-12-21,18.341,19.166,19.299,18.297,430597.0,600104
2015-12-22,19.042,19.122,19.424,18.829,233257.0,600104
2015-12-23,19.175,19.424,19.61,19.078,326217.0,600104
2015-12-24,19.344,19.326,19.486,18.944,156311.0,600104
2015-12-25,19.317,19.388,19.459,19.22,93374.0,600104
2015-12-28,19.441,18.82,19.521,18.732,168300.0,600104
2015-12-29,18.785,18.971,19.051,18.634,108884.0,600104
2015-12-30,18.936,18.918,19.202,18.678,106339.0,600104
2015-12-31,18.909,18.829,19.122,18.811,102051.0,600104
2016-01-04,18.723,17.454,18.811,17.454,127924.0,600104
2016-01-05,17.303,17.693,18.084,17.214,252884.0,600104
2016-01-06,17.693,17.906,17.942,17.596,160970.0,600104
2016-01-07,17.613,16.842,17.667,16.735,37398.0,600104
2016-01-08,17.214,17.312,17.569,17.001,192357.0,600104
2016-01-11,17.214,16.859,17.33,16.726,175022.0,600104
2016-01-12,16.975,16.842,17.072,16.682,214543.0,600104
2016-01-13,16.992,17.072,17.392,16.877,180519.0,600104
2016-01-14,16.868,17.605,17.631,16.779,236943.0,600104
2016-01-15,17.436,17.48,17.818,17.294,128189.0,600104
2016-01-18,17.312,17.294,17.729,17.259,142742.0,600104
2016-01-19,17.48,17.755,17.809,17.294,146214.0,600104
2016-01-20,17.658,17.072,17.747,16.62,277826.0,600104
2016-01-21,16.93,16.646,17.099,16.637,128193.0,600104
2016-01-22,16.939,16.771,16.983,16.664,126526.0,600104
2016-01-25,16.868,16.779,16.975,16.691,64188.0,600104
2016-01-26,16.762,15.963,16.886,15.945,131729.0,600104
2016-01-27,16.194,15.874,16.203,15.617,160059.0,600104
2016-01-28,15.919,15.803,16.274,15.679,136760.0,600104
2016-01-29,15.954,16.522,16.646,15.883,178315.0,600104
2016-02-01,16.549,16.495,16.815,16.345,130937.0,600104
2016-02-02,16.495,16.717,16.859,16.433,104041.0,600104
2016-02-03,16.593,16.318,16.593,16.167,107041.0,600104
2016-02-04,16.371,16.487,16.637,16.336,87607.0,600104
2016-02-05,16.504,16.318,16.566,16.274,78105.0,600104
2016-02-15,15.99,16.433,16.495,15.972,70537.0,600104
2016-02-16,16.478,16.726,16.788,16.433,120934.0,600104
2016-02-17,16.717,16.833,16.859,16.504,104023.0,600104
2016-02-18,16.842,16.637,16.886,16.566,116561.0,600104
2016-02-19,16.593,16.531,16.629,16.362,103884.0,600104
2016-02-22,16.682,16.762,16.842,16.646,150271.0,600104
2016-02-23,16.806,16.655,16.806,16.575,73518.0,600104
2016-02-24,16.62,16.7,16.735,16.389,72940.0,600104
2016-02-25,16.771,15.981,16.771,15.794,149552.0,600104
2016-02-26,16.149,16.034,16.167,15.892,137661.0,600104
2016-02-29,16.105,16.265,16.309,15.67,184650.0,600104
2016-03-01,16.256,16.327,16.416,16.061,76943.0,600104
2016-03-02,16.469,16.806,16.85,16.371,196683.0,600104
2016-03-03,16.806,16.842,17.108,16.611,173953.0,600104
2016-03-04,16.753,17.507,17.622,16.7,512790.0,600104
2016-03-07,17.472,17.33,17.684,17.267,186727.0,600104
2016-03-08,17.312,17.516,17.551,16.691,160079.0,600104
2016-03-09,17.143,17.747,17.782,16.912,219410.0,600104
2016-03-10,17.569,17.285,17.605,17.276,75491.0,600104
2016-03-11,17.25,17.338,17.463,17.117,100617.0,600104
2016-03-14,17.401,17.214,17.702,17.108,204822.0,600104
2016-03-15,17.259,17.223,17.285,17.125,149190.0,600104
2016-03-16,17.17,17.844,17.871,17.161,415907.0,600104
2016-03-17,17.942,17.649,17.942,17.463,246435.0,600104
2016-03-18,17.649,17.596,17.889,17.569,261979.0,600104
2016-03-21,17.773,17.702,17.88,17.569,206309.0,600104
2016-03-22,17.755,17.631,17.826,17.587,144134.0,600104
2016-03-23,17.569,17.631,17.764,17.569,99337.0,600104
2016-03-24,17.587,17.454,17.711,17.427,115138.0,600104
2016-03-25,17.551,17.631,17.676,17.436,82474.0,600104
2016-03-28,17.676,17.347,17.711,17.17,113678.0,600104
2016-03-29,17.383,17.054,17.383,16.992,109628.0,600104
2016-03-30,17.196,17.534,17.613,17.125,133314.0,600104
2016-03-31,17.649,17.8,17.924,17.507,247339.0,600104
2016-04-01,17.791,18.075,18.084,17.578,226850.0,600104
2016-04-05,17.88,18.057,18.19,17.88,131497.0,600104
2016-04-06,17.995,18.066,18.199,17.986,136188.0,600104
2016-04-07,18.137,17.915,18.164,17.862,127207.0,600104
2016-04-08,17.835,17.906,17.924,17.684,107084.0,600104
2016-04-11,17.906,18.119,18.306,17.906,204271.0,600104
2016-04-12,18.119,18.093,18.119,17.924,58718.0,600104
2016-04-13,18.217,18.11,18.669,18.066,258964.0,600104
2016-04-14,18.332,18.261,18.341,18.146,78907.0,600104
2016-04-15,18.377,18.173,18.377,18.057,105451.0,600104
2016-04-18,18.039,17.915,18.11,17.871,70788.0,600104
2016-04-19,17.986,17.968,18.039,17.835,86074.0,600104
2016-04-20,17.995,17.933,18.022,17.267,219717.0,600104
2016-04-21,17.578,17.773,17.96,17.569,99610.0,600104
2016-04-22,17.889,17.995,18.128,17.826,189064.0,600104
2016-04-25,17.889,18.128,18.181,17.667,148377.0,600104
2016-04-26,18.119,18.164,18.288,17.977,96453.0,600104
2016-04-27,18.164,17.968,18.226,17.906,96376.0,600104
2016-04-28,17.96,17.924,18.048,17.844,61228.0,600104
2016-04-29,17.924,18.048,18.11,17.906,101071.0,600104
2016-05-03,18.013,18.235,18.314,17.924,189759.0,600104
2016-05-04,18.235,18.146,18.288,18.128,139089.0,600104
2016-05-05,18.11,17.88,18.11,17.871,187775.0,600104
2016-05-06,17.924,17.56,17.951,17.551,200801.0,600104
2016-05-09,17.596,17.489,17.596,17.347,119243.0,600104
2016-05-10,17.418,17.72,17.853,17.418,112776.0,600104
2016-05-11,17.729,17.8,18.013,17.667,151877.0,600104
2016-05-12,17.747,17.8,17.835,17.596,70045.0,600104
2016-05-13,17.835,17.569,17.835,17.472,142588.0,600104
2016-05-16,17.48,17.64,17.676,17.454,76509.0,600104
2016-05-17,17.667,17.649,17.773,17.587,60463.0,600104
2016-05-18,17.578,17.587,17.72,17.312,145385.0,600104
2016-05-19,17.534,17.578,17.791,17.534,80144.0,600104
2016-05-20,17.543,17.578,17.649,17.48,65424.0,600104
2016-05-23,17.569,17.543,17.658,17.445,95039.0,600104
2016-05-24,17.551,17.543,17.587,17.445,59960.0,600104
2016-05-25,17.569,17.551,17.605,17.489,42761.0,600104
2016-05-26,17.551,17.525,17.622,17.427,76172.0,600104
2016-05-27,17.48,17.525,17.56,17.454,52140.0,600104
2016-05-30,17.525,17.667,17.684,17.472,101636.0,600104
2016-05-31,17.613,18.004,18.102,17.613,247443.0,600104
2016-06-01,18.057,17.933,18.066,17.889,125350.0,600104
2016-06-02,17.924,17.942,17.986,17.88,60018.0,600104
2016-06-03,17.995,18.235,18.35,17.924,200069.0,600104
2016-06-06,18.19,18.093,18.35,17.986,100587.0,600104
2016-06-07,18.137,18.039,18.155,17.96,53555.0,600104
2016-06-08,18.048,18.031,18.173,17.889,106954.0,600104
2016-06-13,17.933,17.791,18.057,17.764,100760.0,600104
2016-06-14,17.773,17.906,17.968,17.773,59958.0,600104
2016-06-15,17.755,18.057,18.066,17.755,103423.0,600104
2016-06-16,17.942,17.862,18.039,17.773,99267.0,600104
2016-06-17,17.862,17.906,18.066,17.862,89821.0,600104
2016-06-20,17.915,18.004,18.013,17.889,52105.0,600104
2016-06-21,18.039,18.004,18.243,17.977,107670.0,600104
2016-06-22,17.995,18.093,18.102,17.933,58258.0,600104
2016-06-23,18.075,17.951,18.093,17.915,61390.0,600104
2016-06-24,17.951,17.791,18.031,17.64,114956.0,600104
2016-06-27,17.693,17.88,17.915,17.693,109897.0,600104
2016-06-28,17.791,17.818,17.853,17.729,83649.0,600104
2016-06-29,17.871,17.897,17.915,17.8,87946.0,600104
2016-06-30,17.915,18.004,18.057,17.906,88590.0,600104
2016-07-01,18.057,18.084,18.226,18.057,132774.0,600104
2016-07-04,18.217,18.776,18.811,18.217,280792.0,600104
2016-07-05,18.838,18.758,18.891,18.678,199810.0,600104
2016-07-06,18.678,18.758,18.811,18.643,192046.0,600104
2016-07-07,18.856,18.82,18.927,18.705,245610.0,600104
2016-07-08,18.886,18.772,18.905,18.583,230237.0,600104
2016-07-11,18.772,18.972,19.199,18.735,183053.0,600104
2016-07-12,19.019,20.583,20.858,18.962,425847.0,600104
2016-07-13,20.65,20.176,20.697,20.147,244765.0,600104
2016-07-14,20.251,20.024,20.28,19.91,157016.0,600104
2016-07-15,20.024,20.299,20.432,19.929,175748.0,600104
2016-07-18,20.308,20.953,21.19,20.299,328732.0,600104
2016-07-19,20.763,20.593,21.162,20.47,177511.0,600104
2016-07-20,20.403,20.659,20.849,20.403,98519.0,600104
2016-07-21,20.669,20.858,21.237,20.583,196957.0,600104
2016-07-22,20.953,20.394,21.2,20.346,188912.0,600104
2016-07-25,20.403,20.176,20.574,20.09,130500.0,600104
2016-07-26,20.176,21.531,21.55,20.1,488697.0,600104
2016-07-27,21.427,21.797,21.882,21.247,564921.0,600104
2016-07-28,21.522,22.252,23.096,21.437,639447.0,600104
2016-07-29,22.28,22.024,23.001,21.977,355917.0,600104
2016-08-01,21.977,21.958,22.015,21.389,270866.0,600104
2016-08-02,21.731,21.986,22.015,21.418,191048.0,600104
2016-08-03,21.712,21.854,22.119,21.531,167117.0,600104
2016-08-04,21.74,21.816,22.224,21.626,150851.0,600104
2016-08-05,21.806,21.825,22.053,21.712,123026.0,600104
2016-08-08,21.854,22.309,22.366,21.768,180525.0,600104
2016-08-09,22.375,22.186,22.442,21.958,146276.0,600104
2016-08-10,22.186,21.636,22.224,21.493,259030.0,600104
2016-08-11,21.636,21.588,21.787,21.522,142977.0,600104
2016-08-12,21.56,22.186,22.205,21.503,250408.0,600104
2016-08-15,22.186,22.849,23.077,22.186,340567.0,600104
2016-08-16,22.991,22.356,23.086,22.328,321173.0,600104
2016-08-17,22.423,22.442,22.612,22.385,201300.0,600104
2016-08-18,22.565,22.11,22.669,21.901,256702.0,600104
2016-08-19,22.1,22.309,22.375,21.949,191950.0,600104
2016-08-22,22.28,22.252,22.508,22.1,107321.0,600104
2016-08-23,22.261,22.318,22.517,22.186,165088.0,600104
2016-08-24,22.29,22.442,22.508,22.186,93810.0,600104
2016-08-25,22.432,21.939,22.432,21.778,161624.0,600104
2016-08-26,21.949,21.342,21.977,21.323,255786.0,600104
2016-08-29,21.285,21.095,21.313,20.858,252132.0,600104
2016-08-30,21.105,21.247,21.332,21.057,103410.0,600104
2016-08-31,21.219,20.934,21.247,20.858,171956.0,600104
2016-09-01,20.953,20.792,21.076,20.773,164082.0,600104
2016-09-02,20.792,21.029,21.038,20.678,220548.0,600104
2016-09-05,21.038,20.801,21.048,20.744,186149.0,600104
2016-09-06,20.811,20.849,20.944,20.707,159938.0,600104
2016-09-07,20.877,20.915,21.029,20.811,168591.0,600104
2016-09-08,21.0,20.915,21.0,20.858,62402.0,600104
2016-09-09,20.915,20.517,20.934,20.479,229806.0,600104
2016-09-12,20.318,20.451,20.47,19.844,325786.0,600104
2016-09-13,20.289,20.289,20.413,20.1,101078.0,600104
2016-09-14,20.128,20.052,20.242,19.929,109283.0,600104
2016-09-19,20.1,20.261,20.346,20.033,146615.0,600104
2016-09-20,20.308,20.337,20.441,20.261,118051.0,600104
2016-09-21,20.318,20.223,20.441,20.147,142322.0,600104
2016-09-22,20.289,20.536,20.564,20.251,156218.0,600104
2016-09-23,20.545,20.46,20.593,20.356,101115.0,600104
2016-09-26,20.46,20.109,20.46,20.09,122848.0,600104
2016-09-27,20.1,20.28,20.318,20.081,53776.0,600104
2016-09-28,20.356,20.555,20.583,20.242,110929.0,600104
2016-09-29,20.602,20.659,20.726,20.602,112045.0,600104
2016-09-30,20.564,20.716,20.83,20.564,68010.0,600104
2016-10-10,20.83,21.304,21.361,20.82,182105.0,600104
2016-10-11,21.37,21.228,21.37,21.067,157342.0,600104
2016-10-12,21.143,20.991,21.152,20.915,123446.0,600104
2016-10-13,20.991,21.181,21.209,20.906,120530.0,600104
2016-10-14,21.076,21.219,21.294,21.076,79035.0,600104
2016-10-17,21.219,21.038,21.228,20.877,86828.0,600104
2016-10-18,20.991,21.408,21.475,20.991,148344.0,600104
2016-10-19,21.37,21.778,21.92,21.313,257958.0,600104
2016-10-20,21.759,22.081,22.318,21.645,180219.0,600104
2016-10-21,21.977,22.356,22.451,21.977,177410.0,600104
2016-10-24,22.195,22.186,22.489,22.11,187190.0,600104
2016-10-25,22.233,21.93,22.318,21.806,180343.0,600104
2016-10-26,21.986,21.844,22.1,21.768,147649.0,600104
2016-10-27,21.844,21.939,22.024,21.721,101825.0,600104
2016-10-28,21.835,22.167,22.271,21.835,107086.0,600104
2016-10-31,22.11,22.451,22.726,22.11,189047.0,600104
2016-11-01,22.517,22.309,22.679,22.138,134843.0,600104
2016-11-02,22.195,22.053,22.584,22.043,155332.0,600104
2016-11-03,22.024,22.129,22.309,21.968,80959.0,600104
2016-11-04,22.224,21.996,22.224,21.968,108228.0,600104
2016-11-07,22.015,21.996,22.091,21.835,114140.0,600104
2016-11-08,22.28,22.375,22.669,22.233,261266.0,600104
2016-11-09,22.423,22.233,22.584,21.958,184261.0,600104
2016-11-10,22.442,22.717,22.783,22.356,265514.0,600104
2016-11-11,22.669,22.735,22.897,22.593,206887.0,600104
2016-11-14,23.134,22.404,23.371,22.224,405963.0,600104
2016-11-15,22.565,22.138,22.565,21.93,232873.0,600104
2016-11-16,22.138,22.261,22.498,22.138,122229.0,600104
2016-11-17,22.271,22.299,22.366,22.1,81028.0,600104
2016-11-18,22.242,22.451,22.612,22.242,180103.0,600104
2016-11-21,22.29,22.394,22.925,22.148,342605.0,600104
2016-11-22,22.366,22.242,22.461,22.186,214556.0,600104
2016-11-23,22.29,22.423,22.726,22.157,451618.0,600104
2016-11-24,22.385,23.219,23.797,22.337,966507.0,600104
2016-11-25,23.418,23.646,24.015,23.181,548600.0,600104
2016-11-28,23.674,22.887,23.797,22.347,787577.0,600104
2016-11-29,22.887,24.082,25.172,22.773,1403895.0,600104
2016-11-30,23.987,23.94,24.025,23.598,438878.0,600104
2016-12-01,24.12,24.395,24.812,23.665,861675.0,600104
2016-12-02,24.338,23.778,24.338,23.494,437750.0,600104
2016-12-05,23.257,23.418,23.532,22.754,502770.0,600104
2016-12-06,23.276,23.21,23.797,23.067,285077.0,600104
2016-12-07,23.304,23.2,23.304,23.001,251182.0,600104
2016-12-08,23.238,23.513,23.674,23.229,390967.0,600104
2016-12-09,23.513,23.494,23.769,23.371,355323.0,600104
2016-12-12,23.513,23.077,23.617,22.754,532820.0,600104
2016-12-13,22.944,23.181,23.323,22.821,237731.0,600104
2016-12-14,23.153,22.726,23.276,22.707,184290.0,600104
2016-12-15,22.565,21.645,22.565,21.389,745718.0,600104
2016-12-16,21.598,21.93,22.11,21.475,275292.0,600104
2016-12-19,21.806,21.768,22.081,21.617,212287.0,600104
2016-12-20,21.768,21.768,21.901,21.55,239845.0,600104
2016-12-21,21.825,21.835,21.986,21.721,224376.0,600104
2016-12-22,21.825,22.242,22.318,21.74,226285.0,600104
2016-12-23,22.28,21.968,22.28,21.787,158104.0,600104
2016-12-26,21.816,21.892,21.958,21.465,209650.0,600104
2016-12-27,21.816,21.759,21.977,21.712,137927.0,600104
2016-12-28,21.778,21.911,21.986,21.759,222311.0,600104
2016-12-29,21.835,21.712,21.873,21.674,206226.0,600104
2016-12-30,21.731,22.233,22.29,21.731,272597.0,600104
2017-01-03,22.347,22.65,23.039,22.347,368556.0,600104
2017-01-04,22.726,23.029,23.229,22.65,335319.0,600104
2017-01-05,23.115,22.802,23.115,22.707,208593.0,600104
2017-01-06,22.792,22.669,22.906,22.546,229796.0,600104
2017-01-09,22.688,22.906,22.963,22.679,258683.0,600104
2017-01-10,22.897,22.764,22.944,22.726,173372.0,600104
2017-01-11,22.811,22.612,22.821,22.536,183357.0,600104
2017-01-12,22.65,22.707,22.859,22.631,238420.0,600104
2017-01-13,22.669,22.906,22.963,22.508,240845.0,600104
2017-01-16,22.982,23.371,23.759,22.783,574856.0,600104
2017-01-17,23.276,23.456,23.608,23.086,168442.0,600104
2017-01-18,23.333,23.703,23.712,23.323,213945.0,600104
2017-01-19,23.598,23.883,23.911,23.598,205541.0,600104
2017-01-20,23.911,23.883,24.423,23.873,268872.0,600104
2017-01-23,23.987,23.655,24.366,23.532,376323.0,600104
2017-01-24,23.627,23.703,23.835,23.466,228017.0,600104
2017-01-25,23.617,24.053,24.082,23.522,180255.0,600104
2017-01-26,24.053,24.044,24.177,23.94,133059.0,600104
2017-02-03,23.987,23.807,24.082,23.703,88369.0,600104
2017-02-06,23.94,24.072,24.385,23.892,246715.0,600104
2017-02-07,24.091,24.139,24.395,24.063,140262.0,600104
2017-02-08,24.063,23.873,24.091,23.674,205528.0,600104
2017-02-09,23.902,23.778,23.987,23.608,256081.0,600104
2017-02-10,23.627,23.864,23.892,23.494,312447.0,600104
2017-02-13,23.75,23.551,23.892,23.532,503378.0,600104
2017-02-14,23.579,23.56,23.655,23.437,209970.0,600104
2017-02-15,23.56,23.579,23.788,23.447,243034.0,600104
2017-02-16,23.636,23.418,23.636,23.257,256460.0,600104
2017-02-17,23.428,23.608,23.74,23.371,237015.0,600104
2017-02-20,23.617,24.12,24.215,23.608,519207.0,600104
2017-02-21,24.091,24.129,24.309,23.987,309411.0,600104
2017-02-22,24.082,24.745,24.964,24.044,543842.0,600104
2017-02-23,24.689,24.67,24.802,24.48,262883.0,600104
2017-02-24,24.603,24.442,24.632,24.3,211103.0,600104
2017-02-27,24.489,24.158,24.499,24.063,205405.0,600104
2017-02-28,24.414,24.442,24.508,24.167,137818.0,600104
2017-03-01,24.461,24.461,24.698,24.319,198600.0,600104
2017-03-02,24.461,24.395,24.556,24.29,147160.0,600104
2017-03-03,24.366,24.395,24.414,24.053,162283.0,600104
2017-03-06,24.366,24.091,24.366,24.034,266546.0,600104
2017-03-07,24.091,23.987,24.215,23.892,272578.0,600104
2017-03-08,23.987,23.892,24.025,23.778,130283.0,600104
2017-03-09,23.712,23.513,23.835,23.38,284900.0,600104
2017-03-10,23.56,23.835,23.873,23.494,166529.0,600104
2017-03-13,23.816,23.56,23.968,23.484,351525.0,600104
2017-03-14,23.56,23.769,23.788,23.437,236059.0,600104
2017-03-15,23.684,23.759,23.959,23.541,238383.0,600104
2017-03-16,23.797,23.703,23.94,23.646,241740.0,600104
2017-03-17,23.703,23.105,23.731,22.982,671932.0,600104
2017-03-20,23.219,23.02,23.361,22.83,350192.0,600104
2017-03-21,23.048,23.39,23.399,22.792,393482.0,600104
2017-03-22,23.229,23.172,23.371,23.067,200855.0,600104
2017-03-23,23.2,23.674,23.693,23.2,444461.0,600104
2017-03-24,23.674,23.93,24.015,23.541,379941.0,600104
2017-03-27,23.94,23.769,24.129,23.617,301864.0,600104
2017-03-28,23.731,23.399,23.797,23.285,295428.0,600104
2017-03-29,23.39,23.371,23.484,23.058,208364.0,600104
2017-03-30,23.428,23.447,23.56,23.191,222159.0,600104
2017-03-31,23.484,24.063,24.129,23.484,447589.0,600104
2017-04-05,24.063,24.063,24.262,23.873,541441.0,600104
2017-04-06,24.281,24.433,24.594,24.101,708807.0,600104
2017-04-07,24.366,24.347,24.489,24.101,319017.0,600104
2017-04-10,24.404,24.082,24.414,24.034,371467.0,600104
2017-04-11,24.063,24.196,24.243,23.854,383183.0,600104
2017-04-12,24.082,24.29,24.423,24.006,330219.0,600104
2017-04-13,24.271,24.129,24.319,24.091,198883.0,600104
2017-04-14,24.129,24.101,24.167,23.968,233267.0,600104
2017-04-17,24.063,24.252,24.319,23.987,218575.0,600104
2017-04-18,24.205,24.66,24.859,24.196,732512.0,600104
2017-04-19,24.651,24.755,24.897,24.461,489902.0,600104
2017-04-20,24.755,25.741,26.006,24.736,972858.0,600104
2017-04-21,25.694,25.788,25.893,25.485,544662.0,600104
2017-04-24,25.836,25.817,25.912,25.257,593883.0,600104
2017-04-25,25.684,25.864,26.006,25.656,423324.0,600104
2017-04-26,26.035,26.291,26.689,25.987,473656.0,600104
2017-04-27,26.168,26.594,26.613,25.75,409598.0,600104
2017-04-28,26.623,25.836,26.623,25.561,469096.0,600104
2017-05-02,25.589,25.817,25.912,25.314,232861.0,600104
2017-05-03,25.883,26.386,26.594,25.675,336437.0,600104
2017-05-04,26.348,26.424,26.556,26.035,215524.0,600104
2017-05-05,26.243,26.528,26.537,26.12,274573.0,600104
2017-05-08,26.357,26.623,26.955,26.168,384938.0,600104
2017-05-09,26.499,25.779,26.499,25.675,373847.0,600104
2017-05-10,25.779,25.788,25.921,25.409,356178.0,600104
2017-05-11,25.599,26.12,26.196,25.504,337895.0,600104
2017-05-12,26.12,26.566,26.699,26.006,227886.0,600104
2017-05-15,26.699,26.518,26.708,26.262,226518.0,600104
2017-05-16,26.49,26.812,26.831,26.215,272005.0,600104
2017-05-17,26.841,26.708,27.457,26.386,326278.0,600104
2017-05-18,26.708,26.613,26.708,26.443,155965.0,600104
2017-05-19,26.452,27.002,27.068,26.395,159006.0,600104
2017-05-22,26.907,27.296,27.324,26.755,242451.0,600104
2017-05-23,27.144,27.713,27.77,27.078,330666.0,600104
2017-05-24,27.704,27.874,28.007,27.334,296177.0,600104
2017-05-25,27.817,27.817,28.007,27.618,223189.0,600104
2017-05-26,27.827,28.083,28.396,27.741,211005.0,600104
2017-05-31,28.045,28.509,28.557,27.552,413658.0,600104
2017-06-01,28.377,28.936,28.955,28.168,561310.0,600104
2017-06-02,28.775,28.718,29.135,28.585,292054.0,600104
2017-06-05,28.718,27.713,28.727,27.561,506846.0,600104
2017-06-06,27.637,28.633,28.68,27.571,323986.0,600104
2017-06-07,28.633,28.509,28.756,28.301,384197.0,600104
2017-06-08,28.528,29.277,29.552,28.396,415648.0,600104
2017-06-09,29.344,29.334,29.742,29.249,338421.0,600104
2017-06-12,29.676,29.628,30.102,29.495,374400.0,600104
2017-06-13,29.799,30.993,31.069,29.619,522656.0,600104
2017-06-14,30.908,30.377,31.136,29.941,432893.0,600104
2017-06-15,30.339,30.169,30.605,29.476,471174.0,600104
2017-06-16,30.01,29.15,30.08,28.91,546131.0,600104
2017-06-19,29.15,29.37,29.77,29.02,317588.0,600104
2017-06-20,29.7,29.05,30.23,28.7,509719.0,600104
2017-06-21,29.25,29.97,30.05,28.91,480123.0,600104
2017-06-22,29.99,30.11,30.29,29.68,463276.0,600104
2017-06-23,29.95,30.29,30.37,29.56,379737.0,600104
2017-06-26,30.35,31.13,31.31,30.35,507682.0,600104
2017-06-27,31.1,31.29,31.36,30.81,288998.0,600104
2017-06-28,31.26,30.77,31.3,30.6,298119.0,600104
2017-06-29,30.75,30.74,30.84,30.24,238263.0,600104
2017-06-30,30.6,31.05,31.11,30.5,204220.0,600104
2017-07-03,30.93,30.78,30.98,30.18,339722.0,600104
2017-07-04,30.78,30.78,30.93,30.31,395368.0,600104
2017-07-05,30.8,31.38,31.65,30.69,336912.0,600104
2017-07-06,31.55,32.31,32.45,31.55,425585.0,600104
2017-07-07,32.39,32.05,32.66,32.0,276525.0,600104
2017-07-10,32.0,31.48,32.0,31.45,243125.0,600104
2017-07-11,31.5,31.94,32.28,31.38,230117.0,600104
2017-07-12,31.93,31.66,32.2,31.08,254276.0,600104
2017-07-13,31.53,31.2,31.85,31.03,256540.0,600104
2017-07-14,31.25,31.83,31.88,31.02,206358.0,600104
2017-07-17,31.81,32.14,32.15,31.2,322696.0,600104
2017-07-18,32.06,31.52,32.07,31.37,293281.0,600104
2017-07-19,31.45,31.33,31.7,31.21,263182.0,600104
2017-07-20,31.4,31.67,31.74,31.04,320399.0,600104
2017-07-21,31.56,31.33,31.58,31.23,231384.0,600104
2017-07-24,31.28,31.64,31.97,31.23,258655.0,600104
2017-07-25,31.64,31.56,31.76,31.36,164201.0,600104
2017-07-26,31.62,30.49,31.7,29.96,566663.0,600104
2017-07-27,30.3,30.45,30.5,29.78,322127.0,600104
2017-07-28,30.23,30.36,30.6,30.2,151548.0,600104
2017-07-31,30.33,30.14,30.54,30.01,204590.0,600104
2017-08-01,30.14,30.15,30.26,29.95,244117.0,600104
2017-08-02,30.14,30.08,30.24,29.97,232261.0,600104
2017-08-03,29.93,29.08,30.11,29.02,435968.0,600104
2017-08-04,29.01,29.32,29.45,28.43,309753.0,600104
2017-08-07,29.07,29.56,29.78,29.05,176058.0,600104
2017-08-08,29.61,28.99,29.63,28.83,208309.0,600104
2017-08-09,29.0,29.34,29.77,28.82,282674.0,600104
2017-08-10,29.35,29.61,29.69,29.14,250603.0,600104
2017-08-11,29.26,29.72,29.8,29.26,273927.0,600104
2017-08-14,29.72,29.59,29.85,29.52,179514.0,600104
2017-08-15,29.69,29.68,29.78,29.5,124266.0,600104
2017-08-16,29.7,29.5,29.75,28.95,254187.0,600104
2017-08-17,29.4,29.39,29.5,29.15,134759.0,600104
2017-08-18,29.2,29.25,29.45,29.13,183651.0,600104
2017-08-21,29.15,29.25,29.47,29.13,175840.0,600104
2017-08-22,29.39,29.87,29.99,29.15,248684.0,600104
2017-08-23,29.78,29.98,30.22,29.77,211361.0,600104
2017-08-24,30.04,30.34,30.35,29.83,193030.0,600104
2017-08-25,30.34,30.47,30.54,30.06,187542.0,600104
2017-08-28,30.4,30.73,31.05,30.2,342767.0,600104
2017-08-29,30.6,30.2,30.61,30.13,209783.0,600104
2017-08-30,30.35,29.85,30.45,29.8,271912.0,600104
2017-08-31,29.87,29.73,29.97,29.45,161241.0,600104
2017-09-01,29.77,29.55,30.02,29.53,155678.0,600104
2017-09-04,29.58,29.6,29.66,29.34,159958.0,600104
2017-09-05,29.43,29.52,29.7,29.43,136835.0,600104
2017-09-06,29.48,29.24,29.6,29.18,214062.0,600104
2017-09-07,29.35,29.27,29.4,29.13,128091.0,600104
2017-09-08,29.33,29.22,29.41,29.08,131289.0,600104
2017-09-11,29.2,29.41,29.66,29.11,183965.0,600104
2017-09-12,29.59,29.87,30.08,29.48,286658.0,600104
2017-09-13,29.83,29.44,29.83,29.38,156507.0,600104
2017-09-14,29.5,29.05,29.5,29.0,263409.0,600104
2017-09-15,29.0,29.06,29.16,28.76,166797.0,600104
2017-09-18,29.13,29.6,29.78,29.1,314799.0,600104
2017-09-19,29.55,29.28,29.71,29.2,180711.0,600104
2017-09-20,29.2,29.23,29.56,29.15,249835.0,600104
2017-09-21,29.4,29.52,29.63,29.26,165820.0,600104
2017-09-22,29.44,30.31,30.36,29.38,426682.0,600104
2017-09-25,30.31,30.5,30.68,30.3,314167.0,600104
2017-09-26,30.45,30.46,30.76,30.27,169099.0,600104
2017-09-27,30.58,30.43,30.85,30.38,211983.0,600104
2017-09-28,30.5,30.42,30.53,29.94,163168.0,600104
2017-09-29,30.42,30.19,30.68,30.03,157621.0,600104
